{
  "jsonSchemaSemanticVersion" : "1.1.0",
  "imports" : [
    {
      "corpusPath" : "cdm:/foundations.cdm.json"
    }
  ],
  "manifestName" : "default",
  "entities" : [
    {
      "type" : "LocalEntity",
      "entityName" : "msfsi_financialholdinginstrument",
      "entityPath" : "msfsi_financialholdinginstrument.cdm.json/msfsi_financialholdinginstrument"
    },
    {
      "type" : "LocalEntity",
      "entityName" : "msfsi_lifemoment",
      "entityPath" : "msfsi_lifemoment.cdm.json/msfsi_lifemoment"
    },
    {
      "type" : "LocalEntity",
      "entityName" : "msfsi_groupfinancialholding",
      "entityPath" : "msfsi_groupfinancialholding.cdm.json/msfsi_groupfinancialholding"
    },
    {
      "type" : "LocalEntity",
      "entityName" : "msfsi_customerfinancialholding",
      "entityPath" : "msfsi_customerfinancialholding.cdm.json/msfsi_customerfinancialholding"
    },
    {
      "type" : "LocalEntity",
      "entityName" : "msfsi_financialholding",
      "entityPath" : "msfsi_financialholding.cdm.json/msfsi_financialholding"
    },
    {
      "type" : "LocalEntity",
      "entityName" : "msfsi_branch",
      "entityPath" : "msfsi_branch.cdm.json/msfsi_branch"
    },
    {
      "type" : "LocalEntity",
      "entityName" : "msfsi_group",
      "entityPath" : "msfsi_group.cdm.json/msfsi_group"
    },
    {
      "type" : "LocalEntity",
      "entityName" : "contact",
      "entityPath" : "contact.cdm.json/contact"
    },
	{
      "type" : "LocalEntity",
      "entityName" : "contactmerge",
      "entityPath" : "contactmerge.cdm.json/contactmerge"
    },
    {
      "type" : "LocalEntity",
      "entityName" : "msfsi_bank",
      "entityPath" : "msfsi_bank.cdm.json/msfsi_bank"
    },
    {
      "type" : "LocalEntity",
      "entityName" : "msfsi_groupmember",
      "entityPath" : "msfsi_groupmember.cdm.json/msfsi_groupmember"
    }
  ]
}