{
  "jsonSchemaSemanticVersion": "1.1.0",
  "imports": [
    {
      "corpusPath": "cdm:/foundations.cdm.json",
      "moniker": "resolvedFrom"
    }
  ],
  "definitions": [
    {
      "entityName": "msfsi_financialholdinginstrument",
      "attributeContext": {
        "type": "entity",
        "name": "msfsi_financialholdinginstrument",
        "definition": "resolvedFrom/msfsi_financialholdinginstrument"
      },
      "hasAttributes": [
        {
          "name": "statecode",
          "dataFormat": "String"
        },
        {
          "name": "statuscode",
          "dataFormat": "String"
        },
        {
          "name": "msfsi_cardtype",
          "dataFormat": "String"
        },
        {
          "name": "msfsi_financialinstrumenttype",
          "dataFormat": "String"
        },
        {
          "name": "msfsi_status",
          "dataFormat": "String"
        },
        {
          "name": "transactioncurrencyid",
          "dataFormat": "String"
        },
        {
          "name": "transactioncurrencyidname",
          "dataFormat": "String"
        },
        {
          "name": "msfsi_issuedate",
          "dataFormat": "DateTime"
        },
        {
          "name": "msfsi_cardnumber",
          "dataFormat": "String"
        },
        {
          "name": "msfsi_purchasinglimit",
          "dataFormat": "Decimal"
        },
        {
          "name": "msfsi_numberofcashwithdrawal",
          "dataFormat": "Int64"
        },
        {
          "name": "msfsi_expirydate",
          "dataFormat": "DateTime"
        },
        {
          "name": "msfsi_embossingname",
          "dataFormat": "String"
        },
        {
          "name": "msfsi_integrationkey",
          "dataFormat": "String"
        },
        {
          "name": "msfsi_dateoflasttransaction",
          "dataFormat": "DateTime"
        },
        {
          "name": "msfsi_activationdate",
          "dataFormat": "DateTime"
        },
        {
          "name": "msfsi_cardnetwork",
          "dataFormat": "String"
        },
        {
          "name": "msfsi_withdrawallimit",
          "dataFormat": "Decimal"
        },
        {
          "name": "msfsi_dateoflastcashwithdrawal",
          "dataFormat": "DateTime"
        },
        {
          "name": "msfsi_productname",
          "dataFormat": "String"
        },
        {
          "name": "msfsi_numberoftransactions",
          "dataFormat": "Int64"
        },
        {
          "name": "msfsi_name",
          "dataFormat": "String"
        },
        {
          "name": "msfsi_lastitemstatus",
          "dataFormat": "String"
        },
        {
          "name": "msfsi_nextitemdate",
          "dataFormat": "DateTime"
        },
        {
          "name": "msfsi_lastitemstatusreason",
          "dataFormat": "String"
        },
        {
          "name": "msfsi_creditorname",
          "dataFormat": "String"
        },
        {
          "name": "msfsi_creditoridentifier",
          "dataFormat": "String"
        },
        {
          "name": "msfsi_mandateid",
          "dataFormat": "String"
        },
        {
          "name": "msfsi_lastitemamount",
          "dataFormat": "Decimal"
        },
        {
          "name": "msfsi_mandateenddate",
          "dataFormat": "DateTime"
        },
        {
          "name": "msfsi_nextitemamount",
          "dataFormat": "Decimal"
        },
        {
          "name": "msfsi_orderenddate",
          "dataFormat": "DateTime"
        },
        {
          "name": "msfsi_mandatelimit",
          "dataFormat": "Decimal"
        },
        {
          "name": "msfsi_debtoraccount",
          "dataFormat": "String"
        },
        {
          "name": "msfsi_standingorderamount",
          "dataFormat": "Decimal"
        },
        {
          "name": "msfsi_lastitemdate",
          "dataFormat": "DateTime"
        },
        {
          "name": "msfsi_mandatestartdate",
          "dataFormat": "DateTime"
        },
        {
          "name": "msfsi_overdraftrate",
          "dataFormat": "Decimal"
        },
        {
          "name": "msfsi_overdraftlimit",
          "dataFormat": "Decimal"
        },
        {
          "name": "msfsi_overdraftlimitused",
          "dataFormat": "Decimal"
        },
        {
          "name": "msfsi_dayofweek",
          "dataFormat": "Int64"
        },
        {
          "name": "msfsi_frequency",
          "dataFormat": "String"
        },
        {
          "name": "msfsi_creditoraccount",
          "dataFormat": "String"
        },
        {
          "name": "msfsi_firstpaymentdate",
          "dataFormat": "DateTime"
        },
        {
          "name": "msfsi_dayofmonth",
          "dataFormat": "Int64"
        },
        {
          "name": "msfsi_financialholdinginstrumentid",
          "dataFormat": "String"
        },
        {
          "name": "msfsi_financialholding",
          "dataFormat": "String"
        }
      ],
      "version": "1.0.0.0"
    }
  ]
}