{
  "jsonSchemaSemanticVersion": "1.1.0",
  "imports": [
    {
      "corpusPath": "cdm:/foundations.cdm.json",
      "moniker": "resolvedFrom"
    }
  ],
  "definitions": [
    {
      "entityName": "msfsi_groupfinancialholding",
      "attributeContext": {
        "type": "entity",
        "name": "msfsi_groupfinancialholding",
        "definition": "resolvedFrom/msfsi_groupfinancialholding"
      },
      "hasAttributes": [
        {
          "name": "statecode",
          "dataFormat": "String"
        },
        {
          "name": "statuscode",
          "dataFormat": "String"
        },
        {
          "name": "msfsi_group",
          "dataFormat": "String"
        },
        {
          "name": "msfsi_group_entitytype",
          "dataFormat": "String"
        },
        {
          "name": "msfsi_financialholding",
          "dataFormat": "String"
        },
        {
          "name": "msfsi_financialholding_entitytype",
          "dataFormat": "String"
        },
        {
          "name": "msfsi_groupname",
          "dataFormat": "String"
        },
        {
          "name": "msfsi_groupfinancialholdingid",
          "dataFormat": "String"
        },
        {
          "name": "msfsi_financialholdingname",
          "dataFormat": "String"
        },
        {
          "name": "msfsi_name",
          "dataFormat": "String"
        }
      ],
      "version": "1.0.0.0"
    }
  ]
}