{
  "jsonSchemaSemanticVersion": "1.1.0",
  "imports": [
    {
      "corpusPath": "cdm:/foundations.cdm.json",
      "moniker": "resolvedFrom"
    }
  ],
  "definitions": [
    {
      "entityName": "contact",
      "attributeContext": {
        "type": "entity",
        "name": "contact",
        "definition": "resolvedFrom/contact"
      },
      "hasAttributes": [
        {
          "name": "Id",
          "dataFormat": "String"
        },
        {
          "name": "SinkCreatedOn",
          "dataFormat": "DateTime"
        },
        {
          "name": "SinkModifiedOn",
          "dataFormat": "DateTime"
        },
        {
          "name": "statecode",
          "dataFormat": "String"
        },
        {
          "name": "statuscode",
          "dataFormat": "String"
        },
        {
          "name": "address1_addresstypecode",
          "dataFormat": "String"
        },
        {
          "name": "gendercode",
          "dataFormat": "String"
        },
        {
          "name": "address1_shippingmethodcode",
          "dataFormat": "String"
        },
        {
          "name": "familystatuscode",
          "dataFormat": "String"
        },
        {
          "name": "preferredappointmenttimecode",
          "dataFormat": "String"
        },
        {
          "name": "customersizecode",
          "dataFormat": "String"
        },
        {
          "name": "address2_shippingmethodcode",
          "dataFormat": "String"
        },
        {
          "name": "address2_freighttermscode",
          "dataFormat": "String"
        },
        {
          "name": "educationcode",
          "dataFormat": "String"
        },
        {
          "name": "leadsourcecode",
          "dataFormat": "String"
        },
        {
          "name": "address1_freighttermscode",
          "dataFormat": "String"
        },
        {
          "name": "shippingmethodcode",
          "dataFormat": "String"
        },
        {
          "name": "preferredcontactmethodcode",
          "dataFormat": "String"
        },
        {
          "name": "paymenttermscode",
          "dataFormat": "String"
        },
        {
          "name": "territorycode",
          "dataFormat": "String"
        },
        {
          "name": "address3_freighttermscode",
          "dataFormat": "String"
        },
        {
          "name": "accountrolecode",
          "dataFormat": "String"
        },
        {
          "name": "address2_addresstypecode",
          "dataFormat": "String"
        },
        {
          "name": "preferredappointmentdaycode",
          "dataFormat": "String"
        },
        {
          "name": "customertypecode",
          "dataFormat": "String"
        },
        {
          "name": "haschildrencode",
          "dataFormat": "String"
        },
        {
          "name": "address3_shippingmethodcode",
          "dataFormat": "String"
        },
        {
          "name": "address3_addresstypecode",
          "dataFormat": "String"
        },
        {
          "name": "donotpostalmail",
          "dataFormat": "Boolean"
        },
        {
          "name": "creditonhold",
          "dataFormat": "Boolean"
        },
        {
          "name": "donotbulkpostalmail",
          "dataFormat": "Boolean"
        },
        {
          "name": "donotbulkemail",
          "dataFormat": "Boolean"
        },
        {
          "name": "donotfax",
          "dataFormat": "Boolean"
        },
        {
          "name": "isautocreate",
          "dataFormat": "Boolean"
        },
        {
          "name": "donotemail",
          "dataFormat": "Boolean"
        },
        {
          "name": "followemail",
          "dataFormat": "Boolean"
        },
        {
          "name": "participatesinworkflow",
          "dataFormat": "Boolean"
        },
        {
          "name": "marketingonly",
          "dataFormat": "Boolean"
        },
        {
          "name": "isprivate",
          "dataFormat": "Boolean"
        },
        {
          "name": "isbackofficecustomer",
          "dataFormat": "Boolean"
        },
        {
          "name": "msfsi_ismanagedbybanksystem",
          "dataFormat": "Boolean"
        },
        {
          "name": "merged",
          "dataFormat": "Boolean"
        },
        {
          "name": "donotphone",
          "dataFormat": "Boolean"
        },
        {
          "name": "donotsendmm",
          "dataFormat": "Boolean"
        },
        {
          "name": "owningbusinessunit",
          "dataFormat": "String"
        },
        {
          "name": "owningbusinessunit_entitytype",
          "dataFormat": "String"
        },
        {
          "name": "modifiedonbehalfby",
          "dataFormat": "String"
        },
        {
          "name": "modifiedonbehalfby_entitytype",
          "dataFormat": "String"
        },
        {
          "name": "slaid",
          "dataFormat": "String"
        },
        {
          "name": "slaid_entitytype",
          "dataFormat": "String"
        },
        {
          "name": "parentcontactid",
          "dataFormat": "String"
        },
        {
          "name": "parentcontactid_entitytype",
          "dataFormat": "String"
        },
        {
          "name": "createdonbehalfby",
          "dataFormat": "String"
        },
        {
          "name": "createdonbehalfby_entitytype",
          "dataFormat": "String"
        },
        {
          "name": "modifiedby",
          "dataFormat": "String"
        },
        {
          "name": "modifiedby_entitytype",
          "dataFormat": "String"
        },
        {
          "name": "owninguser",
          "dataFormat": "String"
        },
        {
          "name": "owninguser_entitytype",
          "dataFormat": "String"
        },
        {
          "name": "createdbyexternalparty",
          "dataFormat": "String"
        },
        {
          "name": "createdbyexternalparty_entitytype",
          "dataFormat": "String"
        },
        {
          "name": "owningteam",
          "dataFormat": "String"
        },
        {
          "name": "owningteam_entitytype",
          "dataFormat": "String"
        },
        {
          "name": "slainvokedid",
          "dataFormat": "String"
        },
        {
          "name": "slainvokedid_entitytype",
          "dataFormat": "String"
        },
        {
          "name": "transactioncurrencyid",
          "dataFormat": "String"
        },
        {
          "name": "transactioncurrencyid_entitytype",
          "dataFormat": "String"
        },
        {
          "name": "masterid",
          "dataFormat": "String"
        },
        {
          "name": "masterid_entitytype",
          "dataFormat": "String"
        },
        {
          "name": "modifiedbyexternalparty",
          "dataFormat": "String"
        },
        {
          "name": "modifiedbyexternalparty_entitytype",
          "dataFormat": "String"
        },
        {
          "name": "accountid",
          "dataFormat": "String"
        },
        {
          "name": "accountid_entitytype",
          "dataFormat": "String"
        },
        {
          "name": "createdby",
          "dataFormat": "String"
        },
        {
          "name": "createdby_entitytype",
          "dataFormat": "String"
        },
        {
          "name": "msfsi_branch",
          "dataFormat": "String"
        },
        {
          "name": "msfsi_branch_entitytype",
          "dataFormat": "String"
        },
        {
          "name": "preferredsystemuserid",
          "dataFormat": "String"
        },
        {
          "name": "preferredsystemuserid_entitytype",
          "dataFormat": "String"
        },
        {
          "name": "ownerid",
          "dataFormat": "String"
        },
        {
          "name": "ownerid_entitytype",
          "dataFormat": "String"
        },
        {
          "name": "parentcustomerid",
          "dataFormat": "String"
        },
        {
          "name": "parentcustomerid_entitytype",
          "dataFormat": "String"
        },
        {
          "name": "aging90",
          "dataFormat": "Decimal"
        },
        {
          "name": "aging30",
          "dataFormat": "Decimal"
        },
        {
          "name": "aging60_base",
          "dataFormat": "Decimal"
        },
        {
          "name": "creditlimit",
          "dataFormat": "Decimal"
        },
        {
          "name": "creditlimit_base",
          "dataFormat": "Decimal"
        },
        {
          "name": "aging90_base",
          "dataFormat": "Decimal"
        },
        {
          "name": "annualincome",
          "dataFormat": "Decimal"
        },
        {
          "name": "aging60",
          "dataFormat": "Decimal"
        },
        {
          "name": "annualincome_base",
          "dataFormat": "Decimal"
        },
        {
          "name": "aging30_base",
          "dataFormat": "Decimal"
        },
        {
          "name": "contactid",
          "dataFormat": "String"
        },
        {
          "name": "emailaddress3",
          "dataFormat": "String"
        },
        {
          "name": "emailaddress2",
          "dataFormat": "String"
        },
        {
          "name": "emailaddress1",
          "dataFormat": "String"
        },
        {
          "name": "msfsi_branchname",
          "dataFormat": "String"
        },
        {
          "name": "address1_city",
          "dataFormat": "String"
        },
        {
          "name": "address3_line1",
          "dataFormat": "String"
        },
        {
          "name": "address1_line1",
          "dataFormat": "String"
        },
        {
          "name": "managerphone",
          "dataFormat": "String"
        },
        {
          "name": "modifiedon",
          "dataFormat": "DateTime"
        },
        {
          "name": "yomilastname",
          "dataFormat": "String"
        },
        {
          "name": "yomifirstname",
          "dataFormat": "String"
        },
        {
          "name": "address1_longitude",
          "dataFormat": "Decimal"
        },
        {
          "name": "yomifullname",
          "dataFormat": "String"
        },
        {
          "name": "createdbyexternalpartyname",
          "dataFormat": "String"
        },
        {
          "name": "entityimage_timestamp",
          "dataFormat": "Int64"
        },
        {
          "name": "address3_line3",
          "dataFormat": "String"
        },
        {
          "name": "address2_county",
          "dataFormat": "String"
        },
        {
          "name": "address2_city",
          "dataFormat": "String"
        },
        {
          "name": "entityimage_url",
          "dataFormat": "String"
        },
        {
          "name": "preferredsystemuseridyominame",
          "dataFormat": "String"
        },
        {
          "name": "telephone1",
          "dataFormat": "String"
        },
        {
          "name": "accountidname",
          "dataFormat": "String"
        },
        {
          "name": "address3_utcoffset",
          "dataFormat": "Int64"
        },
        {
          "name": "address3_primarycontactname",
          "dataFormat": "String"
        },
        {
          "name": "modifiedbyexternalpartyyominame",
          "dataFormat": "String"
        },
        {
          "name": "preferredsystemuseridname",
          "dataFormat": "String"
        },
        {
          "name": "address2_stateorprovince",
          "dataFormat": "String"
        },
        {
          "name": "mobilephone",
          "dataFormat": "String"
        },
        {
          "name": "parentcustomeridyominame",
          "dataFormat": "String"
        },
        {
          "name": "address2_line2",
          "dataFormat": "String"
        },
        {
          "name": "assistantphone",
          "dataFormat": "String"
        },
        {
          "name": "address1_line3",
          "dataFormat": "String"
        },
        {
          "name": "onholdtime",
          "dataFormat": "Int64"
        },
        {
          "name": "address3_longitude",
          "dataFormat": "Decimal"
        },
        {
          "name": "owningbusinessunitname",
          "dataFormat": "String"
        },
        {
          "name": "birthdate",
          "dataFormat": "DateTime"
        },
        {
          "name": "address1_utcoffset",
          "dataFormat": "Int64"
        },
        {
          "name": "versionnumber",
          "dataFormat": "Int64"
        },
        {
          "name": "modifiedbyexternalpartyname",
          "dataFormat": "String"
        },
        {
          "name": "address1_telephone1",
          "dataFormat": "String"
        },
        {
          "name": "exchangerate",
          "dataFormat": "Decimal"
        },
        {
          "name": "address3_composite",
          "dataFormat": "String"
        },
        {
          "name": "telephone3",
          "dataFormat": "String"
        },
        {
          "name": "fax",
          "dataFormat": "String"
        },
        {
          "name": "nickname",
          "dataFormat": "String"
        },
        {
          "name": "address3_line2",
          "dataFormat": "String"
        },
        {
          "name": "childrensnames",
          "dataFormat": "String"
        },
        {
          "name": "address2_latitude",
          "dataFormat": "Decimal"
        },
        {
          "name": "createdon",
          "dataFormat": "DateTime"
        },
        {
          "name": "slaname",
          "dataFormat": "String"
        },
        {
          "name": "timespentbymeonemailandmeetings",
          "dataFormat": "String"
        },
        {
          "name": "address1_composite",
          "dataFormat": "String"
        },
        {
          "name": "firstname",
          "dataFormat": "String"
        },
        {
          "name": "callback",
          "dataFormat": "String"
        },
        {
          "name": "address2_postalcode",
          "dataFormat": "String"
        },
        {
          "name": "lastusedincampaign",
          "dataFormat": "DateTime"
        },
        {
          "name": "employeeid",
          "dataFormat": "String"
        },
        {
          "name": "processid",
          "dataFormat": "String"
        },
        {
          "name": "owneridyominame",
          "dataFormat": "String"
        },
        {
          "name": "governmentid",
          "dataFormat": "String"
        },
        {
          "name": "address2_line3",
          "dataFormat": "String"
        },
        {
          "name": "description",
          "dataFormat": "String"
        },
        {
          "name": "timezoneruleversionnumber",
          "dataFormat": "Int64"
        },
        {
          "name": "address1_county",
          "dataFormat": "String"
        },
        {
          "name": "createdbyname",
          "dataFormat": "String"
        },
        {
          "name": "parentcontactidyominame",
          "dataFormat": "String"
        },
        {
          "name": "home2",
          "dataFormat": "String"
        },
        {
          "name": "address3_county",
          "dataFormat": "String"
        },
        {
          "name": "msfsi_placeholder",
          "dataFormat": "String"
        },
        {
          "name": "pager",
          "dataFormat": "String"
        },
        {
          "name": "address2_postofficebox",
          "dataFormat": "String"
        },
        {
          "name": "address2_telephone1",
          "dataFormat": "String"
        },
        {
          "name": "address2_telephone2",
          "dataFormat": "String"
        },
        {
          "name": "address2_telephone3",
          "dataFormat": "String"
        },
        {
          "name": "address1_addressid",
          "dataFormat": "String"
        },
        {
          "name": "traversedpath",
          "dataFormat": "String"
        },
        {
          "name": "msfsi_joindate",
          "dataFormat": "DateTime"
        },
        {
          "name": "websiteurl",
          "dataFormat": "String"
        },
        {
          "name": "address2_name",
          "dataFormat": "String"
        },
        {
          "name": "address1_country",
          "dataFormat": "String"
        },
        {
          "name": "owneridtype",
          "dataFormat": "String"
        },
        {
          "name": "address3_telephone2",
          "dataFormat": "String"
        },
        {
          "name": "entityimageid",
          "dataFormat": "String"
        },
        {
          "name": "owneridname",
          "dataFormat": "String"
        },
        {
          "name": "modifiedonbehalfbyname",
          "dataFormat": "String"
        },
        {
          "name": "overriddencreatedon",
          "dataFormat": "DateTime"
        },
        {
          "name": "address2_composite",
          "dataFormat": "String"
        },
        {
          "name": "transactioncurrencyidname",
          "dataFormat": "String"
        },
        {
          "name": "address1_stateorprovince",
          "dataFormat": "String"
        },
        {
          "name": "externaluseridentifier",
          "dataFormat": "String"
        },
        {
          "name": "createdonbehalfbyname",
          "dataFormat": "String"
        },
        {
          "name": "createdbyexternalpartyyominame",
          "dataFormat": "String"
        },
        {
          "name": "mastercontactidname",
          "dataFormat": "String"
        },
        {
          "name": "jobtitle",
          "dataFormat": "String"
        },
        {
          "name": "managername",
          "dataFormat": "String"
        },
        {
          "name": "address1_telephone2",
          "dataFormat": "String"
        },
        {
          "name": "address1_telephone3",
          "dataFormat": "String"
        },
        {
          "name": "createdonbehalfbyyominame",
          "dataFormat": "String"
        },
        {
          "name": "suffix",
          "dataFormat": "String"
        },
        {
          "name": "spousesname",
          "dataFormat": "String"
        },
        {
          "name": "slainvokedidname",
          "dataFormat": "String"
        },
        {
          "name": "address2_country",
          "dataFormat": "String"
        },
        {
          "name": "mastercontactidyominame",
          "dataFormat": "String"
        },
        {
          "name": "assistantname",
          "dataFormat": "String"
        },
        {
          "name": "yomimiddlename",
          "dataFormat": "String"
        },
        {
          "name": "address3_country",
          "dataFormat": "String"
        },
        {
          "name": "address2_utcoffset",
          "dataFormat": "Int64"
        },
        {
          "name": "stageid",
          "dataFormat": "String"
        },
        {
          "name": "address2_upszone",
          "dataFormat": "String"
        },
        {
          "name": "address2_fax",
          "dataFormat": "String"
        },
        {
          "name": "msfsi_tenureyears",
          "dataFormat": "Decimal"
        },
        {
          "name": "address2_longitude",
          "dataFormat": "Decimal"
        },
        {
          "name": "address3_latitude",
          "dataFormat": "Decimal"
        },
        {
          "name": "address1_primarycontactname",
          "dataFormat": "String"
        },
        {
          "name": "modifiedbyyominame",
          "dataFormat": "String"
        },
        {
          "name": "lastonholdtime",
          "dataFormat": "DateTime"
        },
        {
          "name": "address1_line2",
          "dataFormat": "String"
        },
        {
          "name": "company",
          "dataFormat": "String"
        },
        {
          "name": "address3_name",
          "dataFormat": "String"
        },
        {
          "name": "address3_fax",
          "dataFormat": "String"
        },
        {
          "name": "salutation",
          "dataFormat": "String"
        },
        {
          "name": "address1_postalcode",
          "dataFormat": "String"
        },
        {
          "name": "address3_telephone1",
          "dataFormat": "String"
        },
        {
          "name": "address3_upszone",
          "dataFormat": "String"
        },
        {
          "name": "utcconversiontimezonecode",
          "dataFormat": "Int64"
        },
        {
          "name": "address3_postalcode",
          "dataFormat": "String"
        },
        {
          "name": "address2_addressid",
          "dataFormat": "String"
        },
        {
          "name": "address3_stateorprovince",
          "dataFormat": "String"
        },
        {
          "name": "anniversary",
          "dataFormat": "DateTime"
        },
        {
          "name": "importsequencenumber",
          "dataFormat": "Int64"
        },
        {
          "name": "telephone2",
          "dataFormat": "String"
        },
        {
          "name": "subscriptionid",
          "dataFormat": "String"
        },
        {
          "name": "department",
          "dataFormat": "String"
        },
        {
          "name": "address3_city",
          "dataFormat": "String"
        },
        {
          "name": "business2",
          "dataFormat": "String"
        },
        {
          "name": "middlename",
          "dataFormat": "String"
        },
        {
          "name": "address1_name",
          "dataFormat": "String"
        },
        {
          "name": "address1_fax",
          "dataFormat": "String"
        },
        {
          "name": "address1_latitude",
          "dataFormat": "Decimal"
        },
        {
          "name": "address3_telephone3",
          "dataFormat": "String"
        },
        {
          "name": "address3_postofficebox",
          "dataFormat": "String"
        },
        {
          "name": "parentcustomeridtype",
          "dataFormat": "String"
        },
        {
          "name": "parentcontactidname",
          "dataFormat": "String"
        },
        {
          "name": "modifiedbyname",
          "dataFormat": "String"
        },
        {
          "name": "createdbyyominame",
          "dataFormat": "String"
        },
        {
          "name": "address2_line1",
          "dataFormat": "String"
        },
        {
          "name": "address1_upszone",
          "dataFormat": "String"
        },
        {
          "name": "lastname",
          "dataFormat": "String"
        },
        {
          "name": "accountidyominame",
          "dataFormat": "String"
        },
        {
          "name": "fullname",
          "dataFormat": "String"
        },
        {
          "name": "modifiedonbehalfbyyominame",
          "dataFormat": "String"
        },
        {
          "name": "ftpsiteurl",
          "dataFormat": "String"
        },
        {
          "name": "numberofchildren",
          "dataFormat": "Int64"
        },
        {
          "name": "address1_postofficebox",
          "dataFormat": "String"
        },
        {
          "name": "address2_primarycontactname",
          "dataFormat": "String"
        },
        {
          "name": "parentcustomeridname",
          "dataFormat": "String"
        },
        {
          "name": "address3_addressid",
          "dataFormat": "String"
        }
      ],
      "version": "1.0.0.0"
    }
  ]
}