{
  "jsonSchemaSemanticVersion" : "1.1.0",
  "imports" : [
    {
      "corpusPath" : "cdm:/foundations.cdm.json"
    }
  ],
  "manifestName" : "default",
  "entities" : [
    {
      "type" : "LocalEntity",
      "entityName" : "msfsi_groupmember",
      "entityPath" : "msfsi_groupmember.cdm.json/msfsi_groupmember",
      "dataPartitionPatterns" : [
        {
          "name" : "NewPartition0",
          "rootLocation" : "msfsi_groupmember/2021-10-28/",
          "globPattern" : "msfsi_groupmember-f2d01b2d1b8446e999e195d50bfb5e98*.parquet",
          "exhibitsTraits" : [
            "is.partition.format.parquet"
          ]
        }
      ]
    },
    {
      "type" : "LocalEntity",
      "entityName" : "msfsi_financialholding",
      "entityPath" : "msfsi_financialholding.cdm.json/msfsi_financialholding",
      "dataPartitionPatterns" : [
        {
          "name" : "NewPartition0",
          "rootLocation" : "msfsi_financialholding/2021-10-28/",
          "globPattern" : "msfsi_financialholding-a1b8e702768042189fb705e042f47cd5*.parquet",
          "exhibitsTraits" : [
            "is.partition.format.parquet"
          ]
        }
      ]
    },
    {
      "type" : "LocalEntity",
      "entityName" : "msfsi_lifemoment",
      "entityPath" : "msfsi_lifemoment.cdm.json/msfsi_lifemoment",
      "dataPartitionPatterns" : [
        {
          "name" : "NewPartition0",
          "rootLocation" : "msfsi_lifemoment/2021-10-28/",
          "globPattern" : "msfsi_lifemoment-e8d7653b722c4bf0b14a1e936c3ad8e1*.parquet",
          "exhibitsTraits" : [
            "is.partition.format.parquet"
          ]
        }
      ]
    },
    {
      "type" : "LocalEntity",
      "entityName" : "msfsi_groupfinancialholding",
      "entityPath" : "msfsi_groupfinancialholding.cdm.json/msfsi_groupfinancialholding",
      "dataPartitionPatterns" : [
        {
          "name" : "NewPartition0",
          "rootLocation" : "msfsi_groupfinancialholding/2021-10-28/",
          "globPattern" : "msfsi_groupfinancialholding-5f8c5c0838a54d37917b2ee4bb850d7e*.parquet",
          "exhibitsTraits" : [
            "is.partition.format.parquet"
          ]
        }
      ]
    },
    {
      "type" : "LocalEntity",
      "entityName" : "contact",
      "entityPath" : "contact.cdm.json/contact",
      "dataPartitionPatterns" : [
        {
          "name" : "NewPartition0",
          "rootLocation" : "contact/2021-10-28/",
          "globPattern" : "contact-ec26445afd724a77950e563acaa5eaa1*.parquet",
          "exhibitsTraits" : [
            "is.partition.format.parquet"
          ]
        }
      ]
    },
    {
      "type" : "LocalEntity",
      "entityName" : "msfsi_bank",
      "entityPath" : "msfsi_bank.cdm.json/msfsi_bank",
      "dataPartitionPatterns" : [
        {
          "name" : "NewPartition0",
          "rootLocation" : "msfsi_bank/2021-10-28/",
          "globPattern" : "msfsi_bank-ff604fc0d6e448fb90aaf276bd9ece16*.parquet",
          "exhibitsTraits" : [
            "is.partition.format.parquet"
          ]
        }
      ]
    },
    {
      "type" : "LocalEntity",
      "entityName" : "msfsi_financialholdinginstrument",
      "entityPath" : "msfsi_financialholdinginstrument.cdm.json/msfsi_financialholdinginstrument",
      "dataPartitionPatterns" : [
        {
          "name" : "NewPartition0",
          "rootLocation" : "msfsi_financialholdinginstrument/2021-10-28/",
          "globPattern" : "msfsi_financialholdinginstrument-48cb5b006b9242e8a07acdc781220192*.parquet",
          "exhibitsTraits" : [
            "is.partition.format.parquet"
          ]
        }
      ]
    },
    {
      "type" : "LocalEntity",
      "entityName" : "contactmerge",
      "entityPath" : "contactmerge.cdm.json/contactmerge",
      "dataPartitionPatterns" : [
        {
          "name" : "NewPartition0",
          "rootLocation" : "contactmerge/2021-10-28/",
          "globPattern" : "contactmerge-0cefcbffa81d44888166f6a1c182b8db*.parquet",
          "exhibitsTraits" : [
            "is.partition.format.parquet"
          ]
        }
      ]
    },
    {
      "type" : "LocalEntity",
      "entityName" : "msfsi_branch",
      "entityPath" : "msfsi_branch.cdm.json/msfsi_branch",
      "dataPartitionPatterns" : [
        {
          "name" : "NewPartition0",
          "rootLocation" : "msfsi_branch/2021-10-28/",
          "globPattern" : "msfsi_branch-90fba4c66fed47ab85a3251583794dd7*.parquet",
          "exhibitsTraits" : [
            "is.partition.format.parquet"
          ]
        }
      ]
    },
    {
      "type" : "LocalEntity",
      "entityName" : "msfsi_group",
      "entityPath" : "msfsi_group.cdm.json/msfsi_group",
      "dataPartitionPatterns" : [
        {
          "name" : "NewPartition0",
          "rootLocation" : "msfsi_group/2021-10-28/",
          "globPattern" : "msfsi_group-df475322e52d47cd9e0efed6caf45fed*.parquet",
          "exhibitsTraits" : [
            "is.partition.format.parquet"
          ]
        }
      ]
    },
    {
      "type" : "LocalEntity",
      "entityName" : "msfsi_customerfinancialholding",
      "entityPath" : "msfsi_customerfinancialholding.cdm.json/msfsi_customerfinancialholding",
      "dataPartitionPatterns" : [
        {
          "name" : "NewPartition0",
          "rootLocation" : "msfsi_customerfinancialholding/2021-10-28/",
          "globPattern" : "msfsi_customerfinancialholding-39204b76c127400691c6fd607eb268ed*.parquet",
          "exhibitsTraits" : [
            "is.partition.format.parquet"
          ]
        }
      ]
    }
  ]
}