{
    "$schema": "./schema.cdm.json",
    "jsonSchemaSemanticVersion": "0.9.0",
    "imports": [
        {
            "uri": "/primitives.cdm.json"
        }
    ],
    "definitions": [
        {
            "traitName": "means.calendar",
            "extendsTrait": "means"
        },
        {
            "traitName": "means.calendar.fiscal",
            "extendsTrait": "means.calendar"
        },
        {
            "traitName": "means.calendar.ISO8601",
            "extendsTrait": "means.calendar"
        },
        {
            "traitName": "means.calendar.manufacturing",
            "extendsTrait": "means.calendar"
        },
        {
            "traitName": "means.calendar.reporting",
            "extendsTrait": "means.calendar"
        },
        {
            "traitName": "means.calendar.day",
            "extendsTrait": "means.calendar"
        },
        {
            "traitName": "means.calendar.dayOfWeek",
            "extendsTrait": "means.calendar.day"
        },
        {
            "traitName": "means.calendar.dayOfTendays",
            "extendsTrait": "means.calendar.day"
        },
        {
            "traitName": "means.calendar.dayOfMonth",
            "extendsTrait": "means.calendar.day"
        },
        {
            "traitName": "means.calendar.dayOfMonthOrPeriod",
            "extendsTrait": "means.calendar.day"
        },
        {
            "traitName": "means.calendar.dayOfQuarter",
            "extendsTrait": "means.calendar.day"
        },
        {
            "traitName": "means.calendar.dayOfTrimester",
            "extendsTrait": "means.calendar.day"
        },
        {
            "traitName": "means.calendar.dayOfHalfyear",
            "extendsTrait": "means.calendar.day"
        },
        {
            "traitName": "means.calendar.dayOfYear",
            "extendsTrait": "means.calendar.day"
        },
        {
            "traitName": "means.calendar.week",
            "extendsTrait": "means.calendar"
        },
        {
            "traitName": "means.calendar.weekOfMonth",
            "extendsTrait": "means.calendar.week"
        },
        {
            "traitName": "means.calendar.weekOfQuarter",
            "extendsTrait": "means.calendar.week"
        },
        {
            "traitName": "means.calendar.weekOfTrimester",
            "extendsTrait": "means.calendar.week"
        },
        {
            "traitName": "means.calendar.weekOfHalfyear",
            "extendsTrait": "means.calendar.week"
        },
        {
            "traitName": "means.calendar.weekOfYear",
            "extendsTrait": "means.calendar.week"
        },
        {
            "traitName": "means.calendar.tenday",
            "extendsTrait": "means.calendar"
        },
        {
            "traitName": "means.calendar.tendayOfMonth",
            "extendsTrait": "means.calendar.tenday"
        },
        {
            "traitName": "means.calendar.tendayOfQuarter",
            "extendsTrait": "means.calendar.tenday"
        },
        {
            "traitName": "means.calendar.tendayOfTrimester",
            "extendsTrait": "means.calendar.tenday"
        },
        {
            "traitName": "means.calendar.tendayOfHalfyear",
            "extendsTrait": "means.calendar.tenday"
        },
        {
            "traitName": "means.calendar.tendayOfYear",
            "extendsTrait": "means.calendar.tenday"
        },
        {
            "traitName": "means.calendar.month",
            "extendsTrait": "means.calendar"
        },
        {
            "traitName": "means.calendar.monthOfQuarter",
            "extendsTrait": "means.calendar.month"
        },
        {
            "traitName": "means.calendar.monthOfTrimester",
            "extendsTrait": "means.calendar.month"
        },
        {
            "traitName": "means.calendar.monthOfHalfyear",
            "extendsTrait": "means.calendar.month"
        },
        {
            "traitName": "means.calendar.monthOfYear",
            "extendsTrait": "means.calendar.month"
        },
        {
            "traitName": "means.calendar.quarter",
            "extendsTrait": "means.calendar"
        },
        {
            "traitName": "means.calendar.quarterOfHalfyear",
            "extendsTrait": "means.calendar.quarter"
        },
        {
            "traitName": "means.calendar.quarterOfYear",
            "extendsTrait": "means.calendar.quarter"
        },
        {
            "traitName": "means.calendar.trimester",
            "extendsTrait": "means.calendar"
        },
        {
            "traitName": "means.calendar.trimesterOfYear",
            "extendsTrait": "means.calendar.trimester"
        },
        {
            "traitName": "means.calendar.year",
            "extendsTrait": "means.calendar"
        },
        {
            "traitName": "means.demographic",
            "extendsTrait": "means"
        },
        {
            "traitName": "means.demographic.age",
            "extendsTrait": "means.demographic"
        },
        {
            "traitName": "means.demographic.gender",
            "extendsTrait": "means.demographic"
        },
        {
            "traitName": "means.demographic.ethnicity",
            "extendsTrait": "means.demographic"
        },
        {
            "traitName": "means.demographic.maritalStatus",
            "extendsTrait": "means.demographic"
        },
        {
            "traitName": "means.formatting",
            "extendsTrait": "means"
        },
        {
            "traitName": "means.formatting.color",
            "extendsTrait": "means.formatting"
        },
        {
            "traitName": "means.formatting.font",
            "extendsTrait": "means.formatting"
        },
        {
            "traitName": "means.formatting.font.size",
            "extendsTrait": "means.formatting.font"
        },
        {
            "traitName": "means.formatting.font.effects",
            "extendsTrait": "means.formatting.font"
        },
        {
            "traitName": "means.formatting.heading",
            "extendsTrait": "means.formatting"
        },
        {
            "traitName": "means.formatting.order",
            "extendsTrait": "means.formatting"
        },
        {
            "traitName": "means.idea",
            "extendsTrait": "means"
        },
        {
            "traitName": "means.idea.account",
            "extendsTrait": "means.idea"
        },
        {
            "traitName": "means.idea.channel",
            "extendsTrait": "means.idea"
        },
        {
            "traitName": "means.idea.company",
            "extendsTrait": "means.idea"
        },
        {
            "traitName": "means.idea.customer",
            "extendsTrait": "means.idea"
        },
        {
            "traitName": "means.idea.person",
            "extendsTrait": "means.idea"
        },
        {
            "traitName": "means.idea.person.contact",
            "extendsTrait": "means.idea.person"
        },
        {
            "traitName": "means.idea.person.employee",
            "extendsTrait": "means.idea.person"
        },
        {
            "traitName": "means.idea.person.representative",
            "extendsTrait": "means.idea.person"
        },
        {
            "traitName": "means.idea.organization",
            "extendsTrait": "means.idea"
        },
        {
            "traitName": "means.idea.organization.unit",
            "extendsTrait": "means.idea"
        },
        {
            "traitName": "means.idea.product",
            "extendsTrait": "means.idea"
        },
        {
            "traitName": "means.idea.project",
            "extendsTrait": "means.idea"
        },
        {
            "traitName": "means.idea.promotion",
            "extendsTrait": "means.idea"
        },
        {
            "traitName": "means.idea.scenario",
            "extendsTrait": "means.idea"
        },
        {
            "traitName": "means.idea.schedule",
            "extendsTrait": "means.idea"
        },
        {
            "traitName": "means.idea.service ",
            "extendsTrait": "means.idea"
        },
        {
            "traitName": "means.idea.utility",
            "extendsTrait": "means.idea"
        },
        {
            "traitName": "means.location",
            "extendsTrait": "means"
        },
        {
            "traitName": "means.location.address",
            "extendsTrait": "means.location"
        },
        {
            "traitName": "means.location.address.building",
            "extendsTrait": "means.location.address"
        },
        {
            "traitName": "means.location.address.floor",
            "extendsTrait": "means.location.address"
        },
        {
            "traitName": "means.location.address.house",
            "extendsTrait": "means.location.address"
        },
        {
            "traitName": "means.location.address.room",
            "extendsTrait": "means.location.address"
        },
        {
            "traitName": "means.location.address.street",
            "extendsTrait": "means.location.address"
        },
        {
            "traitName": "means.location.address.street.line1",
            "extendsTrait": "means.location.address.street"
        },
        {
            "traitName": "means.location.address.street.line2",
            "extendsTrait": "means.location.address.street"
        },
        {
            "traitName": "means.location.address.street.line3",
            "extendsTrait": "means.location.address.street"
        },
        {
            "traitName": "means.location.city",
            "extendsTrait": "means.location"
        },
        {
            "traitName": "means.location.continent",
            "extendsTrait": "means.location"
        },
        {
            "traitName": "means.location.country",
            "extendsTrait": "means.location"
        },
        {
            "traitName": "means.location.county",
            "extendsTrait": "means.location.address"
        },
        {
            "traitName": "means.location.latitude",
            "extendsTrait": "means.location"
        },
        {
            "traitName": "means.location.longitude",
            "extendsTrait": "means.location"
        },
        {
            "traitName": "means.location.point",
            "extendsTrait": "means.location"
        },
        {
            "traitName": "means.location.postalCode",
            "extendsTrait": "means.location"
        },
        {
            "traitName": "means.location.province",
            "extendsTrait": "means.location"
        },
        {
            "traitName": "means.location.region",
            "extendsTrait": "means.location"
        },
        {
            "traitName": "means.location.stateOrProvince",
            "extendsTrait": "means.location"
        },
        {
            "traitName": "means.location.timezone",
            "extendsTrait": "means.location"
        },
        {
            "traitName": "means.location.geo",
            "extendsTrait": "means.location"
        },
        {
            "traitName": "means.location.geo.boundary",
            "extendsTrait": "means.location.geo"
        },
        {
            "traitName": "means.location.geo.boundary.bottom",
            "extendsTrait": "means.location.geo.boundary"
        },
        {
            "traitName": "means.location.geo.boundary.front",
            "extendsTrait": "means.location.geo.boundary"
        },
        {
            "traitName": "means.location.geo.boundary.left",
            "extendsTrait": "means.location.geo.boundary"
        },
        {
            "traitName": "means.location.geo.boundary.polygon",
            "extendsTrait": "means.location.geo.boundary"
        },
        {
            "traitName": "means.location.geo.boundary.rear",
            "extendsTrait": "means.location.geo.boundary"
        },
        {
            "traitName": "means.location.geo.boundary.right",
            "extendsTrait": "means.location.geo.boundary"
        },
        {
            "traitName": "means.location.geo.boundary.top",
            "extendsTrait": "means.location.geo.boundary"
        },
        {
            "traitName": "means.location.geo.centroid",
            "extendsTrait": "means.location.geo"
        },
        {
            "traitName": "means.location.geo.centroid.X",
            "extendsTrait": "means.location.geo.centroid"
        },
        {
            "traitName": "means.location.geo.centroid.y",
            "extendsTrait": "means.location.geo.centroid"
        },
        {
            "traitName": "means.location.geo.centroid.z",
            "extendsTrait": "means.location.geo.centroid"
        },
        {
            "traitName": "means.measurement",
            "extendsTrait": "means"
        },
        {
            "traitName": "means.measurement.age",
            "extendsTrait": "means.measurement"
        },
        {
            "traitName": "means.measurement.code",
            "extendsTrait": "means.measurement"
        },
        {
            "traitName": "means.measurement.color",
            "extendsTrait": "means.measurement"
        },
        {
            "traitName": "means.measurement.density",
            "extendsTrait": "means.measurement"
        },
        {
            "traitName": "means.measurement.distance",
            "extendsTrait": "means.measurement"
        },
        {
            "traitName": "means.measurement.distance.inches",
            "extendsTrait": "means.measurement.distance"
        },
        {
            "traitName": "means.measurement.distance.cm",
            "extendsTrait": "means.measurement.distance"
        },
        {
            "traitName": "means.measurement.sequence",
            "extendsTrait": "means.measurement"
        },
        {
            "traitName": "means.measurement.temperature",
            "extendsTrait": "means.measurement"
        },
        {
            "traitName": "means.measurement.version",
            "extendsTrait": "means.measurement"
        },
        {
            "traitName": "means.measurement.weight",
            "extendsTrait": "means.measurement"
        },
        {
            "traitName": "means.measurement.currency",
            "extendsTrait": "means.measurement"
        },
        {
            "traitName": "means.measurement.currency.cost",
            "extendsTrait": "means.measurement.currency"
        },
        {
            "traitName": "means.measurement.currency.iSOCode",
            "extendsTrait": "means.measurement"
        },
        {
            "traitName": "means.measurement.currency.price",
            "extendsTrait": "means.measurement.currency"
        },
        {
            "traitName": "means.measurement.currency.type",
            "extendsTrait": "means.measurement"
        },
        {
            "traitName": "means.measurement.currency.type.destination",
            "extendsTrait": "means.measurement.currency.type"
        },
        {
            "traitName": "means.measurement.currency.type.source",
            "extendsTrait": "means.measurement.currency.type"
        },
        {
            "traitName": "means.measurement.time",
            "extendsTrait": "means.measurement"
        },
        {
            "traitName": "means.measurement.date",
            "extendsTrait": "means.measurement"
        },
        {
            "traitName": "means.measurement.date.completion",
            "extendsTrait": "means.measurement.date"
        },
        {
            "traitName": "means.measurement.date.creation",
            "extendsTrait": "means.measurement.date"
        },
        {
            "traitName": "means.measurement.date.end",
            "extendsTrait": "means.measurement.date"
        },
        {
            "traitName": "means.measurement.date.end.scd",
            "extendsTrait": "means.measurement.date"
        },
        {
            "traitName": "means.measurement.date.modify",
            "extendsTrait": "means.measurement.date"
        },
        {
            "traitName": "means.measurement.date.occurrence",
            "extendsTrait": "means.measurement.date"
        },
        {
            "traitName": "means.measurement.date.remove",
            "extendsTrait": "means.measurement.date"
        },
        {
            "traitName": "means.measurement.date.start",
            "extendsTrait": "means.measurement.date"
        },
        {
            "traitName": "means.measurement.date.start.scd",
            "extendsTrait": "means.measurement.date"
        },
        {
            "traitName": "means.measurement.date.target",
            "extendsTrait": "means.measurement.date"
        },
        {
            "traitName": "means.measurement.duration",
            "extendsTrait": "means.measurement"
        },
        {
            "traitName": "means.measurement.duration.seconds",
            "extendsTrait": "means.measurement.duration"
        },
        {
            "traitName": "means.measurement.duration.minutes",
            "extendsTrait": "means.measurement.duration"
        },
        {
            "traitName": "means.measurement.duration.hours",
            "extendsTrait": "means.measurement.duration"
        },
        {
            "traitName": "means.measurement.duration.days",
            "extendsTrait": "means.measurement.duration"
        },
        {
            "traitName": "means.measurement.duration.months",
            "extendsTrait": "means.measurement.duration"
        },
        {
            "traitName": "means.measurement.duration.weeks",
            "extendsTrait": "means.measurement.duration"
        },
        {
            "traitName": "means.measurement.duration.quarters",
            "extendsTrait": "means.measurement.duration"
        },
        {
            "traitName": "means.measurement.duration.trimesters",
            "extendsTrait": "means.measurement.duration"
        },
        {
            "traitName": "means.measurement.duration.years",
            "extendsTrait": "means.measurement.duration"
        },
        {
            "traitName": "means.measurement.percent",
            "extendsTrait": "means.measurement"
        },
        {
            "traitName": "means.measurement.percent.ownership",
            "extendsTrait": "means.measurement"
        },
        {
            "traitName": "means.measurement.percent.voterright",
            "extendsTrait": "means.measurement"
        },
        {
            "traitName": "means.measurement.range",
            "extendsTrait": "means.measurement"
        },
        {
            "traitName": "means.measurement.range.high",
            "extendsTrait": "means.measurement.range"
        },
        {
            "traitName": "means.measurement.range.low",
            "extendsTrait": "means.measurement.range"
        },
        {
            "traitName": "means.measurement.rate",
            "extendsTrait": "means.measurement"
        },
        {
            "traitName": "means.measurement.rate.type",
            "extendsTrait": "means.measurement"
        },
        {
            "traitName": "means.measurement.size",
            "extendsTrait": "means.measurement"
        },
        {
            "traitName": "means.measurement.size.depth",
            "extendsTrait": "means.measurement.size"
        },
        {
            "traitName": "means.measurement.size.height",
            "extendsTrait": "means.measurement.size"
        },
        {
            "traitName": "means.measurement.size.volume",
            "extendsTrait": "means.measurement.size"
        },
        {
            "traitName": "means.measurement.size.width",
            "extendsTrait": "means.measurement.size"
        },
        {
            "traitName": "means.category",
            "extendsTrait": "means"
        },
        {
            "traitName": "means.identity.barCode",
            "extendsTrait": "means.identity"
        },
        {
            "traitName": "means.identity.brand",
            "extendsTrait": "means.identity"
        },
        {
            "traitName": "means.identity.governmentID",
            "extendsTrait": "means.identity"
        },
        {
            "traitName": "means.identity.name",
            "extendsTrait": "means.identity"
        },
        {
            "traitName": "means.identity.company.name",
            "extendsTrait": "means.identity.name"
        },
        {
            "traitName": "means.identity.person.firstName",
            "extendsTrait": "means.identity.name"
        },
        {
            "traitName": "means.identity.person.fullName",
            "extendsTrait": "means.identity.name"
        },
        {
            "traitName": "means.identity.person.lastName",
            "extendsTrait": "means.identity.name"
        },
        {
            "traitName": "means.identity.person.middleName",
            "extendsTrait": "means.identity.name"
        },
        {
            "traitName": "means.identity.rowNumber",
            "extendsTrait": "means.identity"
        },
        {
            "traitName": "means.identity.scd.originalIdentity",
            "extendsTrait": "means.identity"
        },
        {
            "traitName": "means.identity.scd.surogateIdentity",
            "extendsTrait": "means.identity"
        },
        {
            "traitName": "means.identity.service",
            "extendsTrait": "means.identity"
        },
        {
            "traitName": "means.identity.service.email",
            "extendsTrait": "means.identity"
        },
        {
            "traitName": "means.identity.service.facebook",
            "extendsTrait": "means.identity"
        },
        {
            "traitName": "means.identity.service.phone",
            "extendsTrait": "means.identity"
        },
        {
            "traitName": "means.identity.service.phone.cell",
            "extendsTrait": "means.identity"
        },
        {
            "traitName": "means.identity.service.phone.fax",
            "extendsTrait": "means.identity"
        },
        {
            "traitName": "means.identity.service.twitter",
            "extendsTrait": "means.identity"
        },
        {
            "traitName": "means.identity.SKU",
            "extendsTrait": "means.identity"
        },
        {
            "traitName": "means.identity.tickerSymbol",
            "extendsTrait": "means.identity"
        },
        {
            "traitName": "means.identity.title",
            "extendsTrait": "means.identity"
        },
        {
            "traitName": "means.relationship",
            "extendsTrait": "means"
        },
        {
            "traitName": "means.relationship.parent",
            "extendsTrait": "means.relationship"
        },
        {
            "traitName": "means.relationship.child",
            "extendsTrait": "means.relationship"
        },
        {
            "traitName": "means.reference",
            "extendsTrait": "means"
        },
        {
            "traitName": "means.reference.caption",
            "extendsTrait": "means.reference"
        },
        {
            "traitName": "means.reference.displayText",
            "extendsTrait": "means.reference"
        },
        {
            "traitName": "means.reference.description",
            "extendsTrait": "means.reference"
        },
        {
            "traitName": "means.reference.definition",
            "extendsTrait": "means.reference"
        },
        {
            "traitName": "means.reference.phonetic",
            "extendsTrait": "means.reference"
        },
        {
            "traitName": "means.reference.regarding",
            "extendsTrait": "means.reference"
        },
        {
            "traitName": "means.reference.URL",
            "extendsTrait": "means.reference"
        },
        {
            "traitName": "means.reference.URL.image",
            "extendsTrait": "means.reference.URL"
        },
        {
            "traitName": "means.reference.language",
            "extendsTrait": "means.reference"
        },
        {
            "traitName": "means.reference.language.tag",
            "extendsTrait": "means.reference.language"
        },
        {
            "dataTypeName": "integerCalendarPart",
            "extendsDataType": "integer",
            "exhibitsTraits": [
                "means.calendar"
            ]
        },
        {
            "dataTypeName": "day",
            "extendsDataType": "integerCalendarPart",
            "exhibitsTraits": [
                "means.calendar.day"
            ]
        },
        {
            "dataTypeName": "week",
            "extendsDataType": "integerCalendarPart",
            "exhibitsTraits": [
                "means.calendar.week"
            ]
        },
        {
            "dataTypeName": "tenday",
            "extendsDataType": "integerCalendarPart",
            "exhibitsTraits": [
                "means.calendar.tenday"
            ]
        },
        {
            "dataTypeName": "month",
            "extendsDataType": "integerCalendarPart",
            "exhibitsTraits": [
                "means.calendar.month"
            ]
        },
        {
            "dataTypeName": "quarter",
            "extendsDataType": "integerCalendarPart",
            "exhibitsTraits": [
                "means.calendar.quarter"
            ]
        },
        {
            "dataTypeName": "trimester",
            "extendsDataType": "integerCalendarPart",
            "exhibitsTraits": [
                "means.calendar.trimester"
            ]
        },
        {
            "dataTypeName": "year",
            "extendsDataType": "integerCalendarPart",
            "exhibitsTraits": [
                "means.calendar.year"
            ]
        },
        {
            "dataTypeName": "json",
            "extendsDataType": "string",
            "explanation": "a JSON fragment contained within one string value",
            "exhibitsTraits": [
                "means.content.text.JSON"
            ]
        },
        {
            "dataTypeName": "xml",
            "extendsDataType": "string",
            "explanation": "an XML fragment contained within one string value",
            "exhibitsTraits": [
                "means.content.text.XML"
            ]
        },
        {
            "dataTypeName": "currency",
            "extendsDataType": "decimal",
            "exhibitsTraits": [
                "means.measurement.currency"
            ]
        },
        {
            "dataTypeName": "baseCurrency",
            "extendsDataType": "currency",
            "explanation": "value is expressed in the base currency units for the system",
            "exhibitsTraits": [
                "means.measurement.currency"
            ]
        },
        {
            "dataTypeName": "language",
            "extendsDataType": "string",
            "explanation": "a language identifier",
            "exhibitsTraits": [
                "means.reference.language"
            ]
        },
        {
            "dataTypeName": "languageTag",
            "extendsDataType": "string",
            "explanation": "a BCP 47 language tag",
            "exhibitsTraits": [
                "means.reference.language.tag"
            ]
        },
        {
            "dataTypeName": "localizedDisplayText",
            "extendsDataType": "string",
            "exhibitsTraits": [
                "means.reference.displayText"
            ]
        },
        {
            "dataTypeName": "localizedDisplayTextMultiple",
            "extendsDataType": "localizedDisplayText",
            "exhibitsTraits": [
                "means.content.text.CSV"
            ]
        },
        {
            "dataTypeName": "displayOrder",
            "extendsDataType": "integer",
            "exhibitsTraits": [
                "means.formatting.order"
            ]
        },
        {
            "dataTypeName": "image",
            "extendsDataType": "binary",
            "exhibitsTraits": [
                "means.content.binary.image"
            ]
        },
        {
            "dataTypeName": "addressLine",
            "extendsDataType": "string",
            "exhibitsTraits": [
                "means.location.address"
            ]
        },
        {
            "dataTypeName": "city",
            "extendsDataType": "string",
            "exhibitsTraits": [
                "means.location.city"
            ]
        },
        {
            "dataTypeName": "country",
            "extendsDataType": "string",
            "exhibitsTraits": [
                "means.location.country"
            ]
        },
        {
            "dataTypeName": "county",
            "extendsDataType": "string",
            "exhibitsTraits": [
                "means.location.county"
            ]
        },
        {
            "dataTypeName": "latitude",
            "extendsDataType": "double",
            "exhibitsTraits": [
                "means.location.latitude"
            ]
        },
        {
            "dataTypeName": "longitude",
            "extendsDataType": "double",
            "exhibitsTraits": [
                "means.location.longitude"
            ]
        },
        {
            "dataTypeName": "postalCode",
            "extendsDataType": "string",
            "exhibitsTraits": [
                "means.location.postalCode"
            ]
        },
        {
            "dataTypeName": "stateOrProvince",
            "extendsDataType": "string",
            "exhibitsTraits": [
                "means.location.stateOrProvince"
            ]
        },
        {
            "dataTypeName": "timezone",
            "extendsDataType": "string",
            "exhibitsTraits": [
                "means.location.timezone"
            ]
        },
        {
            "dataTypeName": "colorName",
            "extendsDataType": "string",
            "exhibitsTraits": [
                "means.measurement.color"
            ]
        },
        {
            "dataTypeName": "date",
            "extendsDataType": "any",
            "exhibitsTraits": [
                "is.dataFormat.date",
                "means.measurement.date"
            ]
        },
        {
            "dataTypeName": "time",
            "extendsDataType": "any",
            "exhibitsTraits": [
                "is.dataFormat.time",
                "means.measurement.time"
            ]            
        },
        {
            "dataTypeName": "dateTime",
            "extendsDataType":"date",
            "exhibitsTraits": [
                "is.dataFormat.time",
                "means.measurement.time"            ]
        },
        {
            "dataTypeName": "minutes",
            "extendsDataType":"integer",
            "exhibitsTraits": [
                "means.measurement.duration.minutes"
            ]
        },
        {
            "purposeName": "createdOn",
            "extendsPurpose": "hasA",
            "exhibitsTraits": [
                "means.measurement.date.creation"
            ]
        },
        {
            "purposeName": "modifiedOn",
            "extendsPurpose": "hasA",
            "exhibitsTraits": [
                "means.measurement.date.modify"
            ]
        },
        {
            "purposeName": "removedOn",
            "extendsPurpose": "hasA",
            "exhibitsTraits": [
                "means.measurement.date.remove"
            ]
        },
        {
            "purposeName": "occuredOn",
            "extendsPurpose": "hasA",
            "exhibitsTraits": [
                "means.measurement.date.occurrence"
            ]
        },
        {
            "purposeName": "startedOn",
            "extendsPurpose": "hasA",
            "exhibitsTraits": [
                "means.measurement.date.start"
            ]
        },
        {
            "purposeName": "endedOn",
            "extendsPurpose": "hasA",
            "exhibitsTraits": [
                "means.measurement.date.end"
            ]
        },
        {
            "purposeName": "completedOn",
            "extendsPurpose": "hasA",
            "exhibitsTraits": [
                "means.measurement.date.completion"
            ]
        },
        {
            "dataTypeName": "governmentId",
            "extendsDataType": "string",
            "exhibitsTraits": [
                "means.identity.governmentID"
            ]
        },
        {
            "dataTypeName": "name",
            "extendsDataType": "string",
            "exhibitsTraits": [
                "means.identity.name"
            ]
        },
        {
            "dataTypeName": "companyName",
            "extendsDataType": "string",
            "exhibitsTraits": [
                "means.identity.company.name"
            ]
        },
        {
            "dataTypeName": "firstName",
            "extendsDataType": "string",
            "exhibitsTraits": [
                "means.identity.person.firstName"
            ]
        },
        {
            "dataTypeName": "fullName",
            "extendsDataType": "string",
            "exhibitsTraits": [
                "means.identity.person.fullName"
            ]
        },
        {
            "dataTypeName": "lastName",
            "extendsDataType": "string",
            "exhibitsTraits": [
                "means.identity.person.lastName"
            ]
        },
        {
            "dataTypeName": "middleName",
            "extendsDataType": "string",
            "exhibitsTraits": [
                "means.identity.person.middleName"
            ]
        },
        {
            "dataTypeName": "email",
            "extendsDataType": "string",
            "exhibitsTraits": [
                "means.identity.service.email"
            ]
        },
        {
            "dataTypeName": "phone",
            "extendsDataType": "string",
            "exhibitsTraits": [
                "means.identity.service.phone"
            ]
        },
        {
            "dataTypeName": "phoneCell",
            "extendsDataType": "string",
            "exhibitsTraits": [
                "means.identity.service.phone.cell"
            ]
        },
        {
            "dataTypeName": "phoneFax",
            "extendsDataType": "string",
            "exhibitsTraits": [
                "means.identity.service.phone.fax"
            ]
        },
        {
            "dataTypeName": "tickerSymbol",
            "extendsDataType": "string",
            "exhibitsTraits": [
                "means.identity.tickerSymbol"
            ]
        },
        {
            "dataTypeName": "url",
            "extendsDataType": "string",
            "exhibitsTraits": [
                "means.reference.URL"
            ]
        },
        {
            "dataTypeName": "age",
            "extendsDataType": "integer",
            "exhibitsTraits": [
                "means.demographic.age",
                "means.measurement.age"
            ]
        },
        {
            "dataTypeName": "gender",
            "extendsDataType": "string",
            "exhibitsTraits": [
                "means.demographic.gender"
            ]
        },
        {
            "dataTypeName": "ethnicity",
            "extendsDataType": "string",
            "exhibitsTraits": [
                "means.demographic.ethnicity"
            ]
        },
        {
            "dataTypeName": "maritalStatus",
            "extendsDataType": "string",
            "exhibitsTraits": [
                "means.demographic.maritalStatus"
            ]
        },
        {
            "explanation": "contains a userId",
            "traitName": "means.userId"
        },
        {
            "explanation": "The identifier of a system user",
            "dataTypeName": "userId",
            "extendsDataType": "entityId",
            "exhibitsTraits": [
                "means.userId"
            ]
        },
        {
            "dataTypeName": "inches",
            "extendsDataType": "double",
            "exhibitsTraits": [
                "means.measurement.distance.inches"
            ]
        }
    ]
}